zone,period_type,period_label,total,correct,accuracy_pct
NO1,lifetime,lifetime,11943,7679,64.3
NO2,lifetime,lifetime,9851,6252,63.47
NO3,lifetime,lifetime,9655,6260,64.84
NO4,lifetime,lifetime,9472,5576,58.87
NO5,lifetime,lifetime,9076,6170,67.98
ALL,lifetime,lifetime,49997,31937,63.88
NO1,month,2026-01,1577,886,56.18
NO2,month,2026-01,1242,724,58.29
NO3,month,2026-01,1241,690,55.6
NO4,month,2026-01,1242,677,54.51
NO5,month,2026-01,1237,734,59.34
NO1,month,2026-02,5736,4482,78.14
NO2,month,2026-02,4979,3720,74.71
NO3,month,2026-02,4975,3966,79.72
NO4,month,2026-02,4955,3092,62.4
NO5,month,2026-02,4953,3893,78.6
NO1,month,2026-03,1164,629,54.04
NO2,month,2026-03,962,518,53.85
NO3,month,2026-03,859,292,33.99
NO4,month,2026-03,1008,722,71.63
NO5,month,2026-03,1097,624,56.88
NO1,month,2026-04,333,162,48.65
NO2,month,2026-04,127,61,48.03
NO3,month,2026-04,135,66,48.89
NO4,month,2026-04,265,140,52.83
NO5,month,2026-04,311,139,44.69
NO1,month,2026-05,839,383,45.65
NO2,month,2026-05,881,434,49.26
NO3,month,2026-05,680,333,48.97
NO4,month,2026-05,505,256,50.69
NO5,month,2026-05,487,239,49.08
NO1,month,2026-06,563,278,49.38
NO2,month,2026-06,283,105,37.1
NO3,month,2026-06,569,268,47.1
NO4,month,2026-06,431,209,48.49
NO5,month,2026-06,4,2,50.0
NO1,month,2026-07,247,111,44.94
NO2,month,2026-07,232,118,50.86
NO3,month,2026-07,117,48,41.03
NO4,month,2026-07,158,53,33.54
NO5,month,2026-07,53,14,26.42
NO1,month,2026-08,813,425,52.28
NO2,month,2026-08,499,254,50.9
NO3,month,2026-08,455,244,53.63
NO4,month,2026-08,262,100,38.17
NO5,month,2026-08,579,315,54.4
NO1,month,2026-09,595,296,49.75
NO2,month,2026-09,541,263,48.61
NO3,month,2026-09,497,268,53.92
NO4,month,2026-09,566,276,48.76
NO5,month,2026-09,269,152,56.51
NO1,month,2026-10,76,27,35.53
NO2,month,2026-10,105,55,52.38
NO3,month,2026-10,127,85,66.93
NO4,month,2026-10,80,51,63.75
NO5,month,2026-10,86,58,67.44
NO1,week,2026-W28,37,27,72.97
NO2,week,2026-W28,27,10,37.04
NO3,week,2026-W28,41,22,53.66
NO4,week,2026-W28,39,19,48.72
NO1,week,2026-W30,72,39,54.17
NO2,week,2026-W30,92,56,60.87
NO3,week,2026-W30,37,16,43.24
NO4,week,2026-W30,61,21,34.43
NO1,week,2026-W31,198,88,44.44
NO2,week,2026-W31,84,47,55.95
NO3,week,2026-W31,27,11,40.74
NO4,week,2026-W31,25,13,52.0
NO1,week,2026-W32,28,22,78.57
NO2,week,2026-W32,24,13,54.17
NO3,week,2026-W32,25,17,68.0
NO4,week,2026-W32,23,11,47.83
NO5,week,2026-W32,18,11,61.11
NO1,week,2026-W33,305,134,43.93
NO2,week,2026-W33,262,129,49.24
NO3,week,2026-W33,257,115,44.75
NO4,week,2026-W33,104,24,23.08
NO5,week,2026-W33,318,195,61.32
NO1,week,2026-W34,199,121,60.8
NO2,week,2026-W34,26,15,57.69
NO3,week,2026-W34,75,59,78.67
NO4,week,2026-W34,41,12,29.27
NO5,week,2026-W34,243,109,44.86
NO1,week,2026-W35,221,107,48.42
NO2,week,2026-W35,262,117,44.66
NO3,week,2026-W35,294,145,49.32
NO4,week,2026-W35,237,126,53.16
NO5,week,2026-W35,40,14,35.0
NO1,week,2026-W36,223,104,46.64
NO2,week,2026-W36,72,41,56.94
NO3,week,2026-W36,50,29,58.0
NO4,week,2026-W36,181,87,48.07
NO5,week,2026-W36,26,10,38.46
NO1,week,2026-W37,160,103,64.38
NO2,week,2026-W37,223,115,51.57
NO3,week,2026-W37,179,113,63.13
NO4,week,2026-W37,164,79,48.17
NO5,week,2026-W37,167,106,63.47
NO1,week,2026-W38,14,5,35.71
NO2,week,2026-W38,25,12,48.0
NO3,week,2026-W38,20,14,70.0
NO4,week,2026-W38,14,7,50.0
NO5,week,2026-W38,36,22,61.11
NO1,week,2026-W39,68,27,39.71
NO2,week,2026-W39,66,35,53.03
NO3,week,2026-W39,89,58,65.17
NO4,week,2026-W39,58,35,60.34
NO5,week,2026-W39,59,43,72.88
NO1,week,2026-W40,8,0,0.0
NO2,week,2026-W40,39,20,51.28
NO3,week,2026-W40,38,27,71.05
NO4,week,2026-W40,22,16,72.73
NO5,week,2026-W40,27,15,55.56
